DATE,TIME,FIELD RECOVERY FACTOR,FIELD WATER PROD RATE SC,FIELD WATER PROD CUMU SC,FIELD WATER INJE RATE SC,FIELD WATER INJE CUMU SC,FIELD OIL PROD RATE SC,FIELD OIL PROD CUMU SC,FIELD OIL INJE RATE SC,FIELD OIL INJE CUMU SC,FIELD GAS PROD RATE SC,FIELD GAS PROD CUMU SC,FIELD GAS INJE RATE SC,FIELD GAS INJE CUMU SC,FIELD GOR SC,FIELD LIQ PROD RATE SC,FIELD LIQ PROD CUMU SC,FIELD AVG PRESSURE,FIELD WCUT SC
2020-01-31,1218.0,0.43142700000000006,0.0,0.00737468,0.0,0.0,0.0,986011.0,0.0,0.0,0.0,227567000.0,0.0,0.0,0.0,0.0,986011.0,428.89300000000003,0.0
2020-02-28,1246.0,0.43142700000000006,0.0,0.00737468,0.0,0.0,0.0,986011.0,0.0,0.0,0.0,227567000.0,0.0,0.0,0.0,0.0,986011.0,428.89300000000003,0.0
2020-02-29,1247.0,0.43142700000000006,0.0,0.00737468,0.0,0.0,0.0,986011.0,0.0,0.0,0.0,227567000.0,0.0,0.0,0.0,0.0,986011.0,428.89300000000003,0.0
2020-03-31,1278.0,0.45549399999999995,1.4637799999999999e-05,0.00781036,0.0,0.0,1774.3,1041010.0,0.0,0.0,409500.0,240262000.0,0.0,0.0,230.795,1774.3,1041010.0,427.724,8.249889999999999e-09
2020-04-30,1308.0,0.491329,3.4313800000000003e-05,0.008768799999999998,0.0,0.0,2730.0,1122910.0,0.0,0.0,630072.0,259164000.0,630072.0,18681600.0,230.795,2730.0,1122910.0,426.69199999999995,1.25692e-08
2020-05-31,1339.0,0.565388,0.000198337,0.014237,0.0,0.0,5460.0,1292170.0,0.0,0.0,1259600.0,298210000.0,1259510.0,57728800.0,230.696,5460.0,1292170.0,424.61,3.63254e-08
2020-06-30,1369.0,0.637058,0.000227613,0.020697200000000002,0.0,0.0,5460.0,1455970.0,0.0,0.0,1255300.0,335934000.0,1256260.0,95472500.0,229.908,5460.0,1455970.0,422.595,4.16873e-08
2020-07-31,1400.0,0.748147,0.000272228,0.028746800000000003,0.0,0.0,8190.0,1709860.0,0.0,0.0,1880750.0,394296000.0,1880870.0,153852000.0,229.639,8190.0,1709860.0,419.47900000000004,3.3239099999999996e-08
2020-08-31,1431.0,0.8592360000000001,0.00029713,0.037619599999999996,4271.38,124489.0,8190.0,1963750.0,0.0,0.0,1876400.0,452533000.0,1876740.0,212099000.0,229.109,8190.0,1963750.0,418.102,3.6279599999999996e-08
2020-09-30,1461.0,1.00258,0.000411167,0.048869499999999996,4459.0,256414.0,10920.0,2291350.0,0.0,0.0,2496060.0,527537000.0,2496310.0,287123000.0,228.577,10920.0,2291350.0,415.95099999999996,3.76526e-08
2020-10-31,1492.0,1.1507,0.00045322099999999996,0.06243340000000001,8918.0,532872.0,10920.0,2629870.0,0.0,0.0,2491350.0,604819000.0,2491450.0,364416000.0,228.146,10920.0,2629870.0,415.705,4.15038e-08
2020-11-30,1522.0,1.32987,0.0006844860000000001,0.08190839999999999,8918.0,800399.0,13650.0,3039370.0,0.0,0.0,3118700.0,698420000.0,3118980.0,458022000.0,228.476,13650.0,3039370.0,414.412,5.01455e-08
2020-12-31,1553.0,1.51502,0.000738607,0.10403399999999999,8918.0,1076860.0,13650.0,3462520.0,0.0,0.0,3115080.0,795046000.0,3115320.0,554655000.0,228.21099999999998,13650.0,3462520.0,413.25300000000004,5.41104e-08
2021-01-31,1584.0,1.7372,0.0008649689999999999,0.12972899999999998,8918.0,1353310.0,16380.0,3970300.0,0.0,0.0,3726980.0,910735000.0,3728220.0,670396000.0,227.532,16380.0,3970300.0,411.048,5.28064e-08
2021-02-28,1612.0,1.9378799999999998,0.00092531,0.154906,8918.0,1603020.0,16380.0,4428940.0,0.0,0.0,3721030.0,1014980000.0,3721520.0,774660000.0,227.169,16380.0,4428940.0,409.22900000000004,5.64902e-08
2021-03-31,1643.0,2.19708,0.00125404,0.191442,8918.0,1879480.0,19110.0,5021350.0,0.0,0.0,4315240.0,1148980000.0,4316100.0,908818000.0,225.81,19110.0,5021350.0,406.352,6.56222e-08
2021-04-30,1673.0,2.4476,0.00136175,0.231177,13377.0,2280790.0,19015.5,5593900.0,0.0,0.0,4300440.0,1278320000.0,4301990.0,1038220000.0,226.15400000000002,19015.5,5591820.0,405.491,7.16126e-08
2021-05-31,1704.0,2.74122,0.00148165,0.276063,13377.0,2695470.0,21581.1,6264970.0,0.0,0.0,4898740.0,1430520000.0,4900050.0,1190590000.0,226.99200000000002,21581.1,6260840.0,403.702,6.86549e-08
2021-06-30,1734.0,3.05672,0.0017971,0.328228,13377.0,3096780.0,23716.7,6986020.0,0.0,0.0,5415190.0,1594500000.0,5434030.0,1355110000.0,228.328,23716.7,6972340.0,401.594,7.57734e-08
2021-07-31,1765.0,3.3775,0.00320953,0.39434400000000003,17836.0,3649700.0,23701.4,7719160.0,0.0,0.0,5511540.0,1763540000.0,5506630.0,1524020000.0,232.541,23701.4,7707080.0,400.926,1.35415e-07
2021-08-31,1796.0,3.7309099999999997,0.0356109,0.788804,17836.0,4202620.0,26042.1,8526860.0,0.0,0.0,6139280.0,1952430000.0,6129660.0,1712870000.0,235.745,26042.1,8514390.0,399.74199999999996,1.36744e-06
2021-09-30,1826.0,4.07275,0.601043,6.99898,17836.0,4737700.0,26041.5,9308110.0,0.0,0.0,6261290.0,2138530000.0,6254770.0,1898720000.0,240.435,26042.1,9295650.0,398.725,2.3079600000000002e-05
2021-10-31,1857.0,4.42595,3.42688,68.4488,17836.0,5290610.0,26038.7,10115400.0,0.0,0.0,6378860.0,2334620000.0,6364350.0,2094390000.0,244.976,26042.1,10103000.0,397.702,0.00013159
2021-11-30,1887.0,4.76769,13.1757,306.501,17836.0,5825690.0,26028.9,10896400.0,0.0,0.0,6483200.0,2527790000.0,6468400.0,2287110000.0,249.077,26042.1,10884200.0,396.73699999999997,0.000505938
2021-12-31,1918.0,5.12046,41.8847,1173.07,17836.0,6378610.0,25987.7,11702600.0,0.0,0.0,6584610.0,2730550000.0,6587450.0,2489850000.0,253.375,26029.5,11691100.0,395.777,0.00160912
2022-01-31,1949.0,5.47204,88.7598,3203.08,17687.6,6930680.0,25860.5,12506200.0,0.0,1.03759e-13,6612100.0,2935270000.0,6612110.0,2694520000.0,255.683,25949.3,12495600.0,394.86,0.00342051
2022-02-28,1977.0,5.7878,135.532,6357.6,17462.6,7422310.0,25670.4,13227800.0,0.0,1.03759e-13,6515930.0,3119250000.0,6519350.0,2878680000.0,253.83,25806.0,13218100.0,393.99,0.00525197
2022-03-31,2008.0,6.13401,189.09900000000002,11490.7,17404.8,7962630.0,25387.5,14019100.0,0.0,1.03759e-13,6426630.0,3319560000.0,6428350.0,3079150000.0,253.142,25576.6,14011000.0,393.01599999999996,0.00739345
2022-04-30,2038.0,6.46547,208.482,17558.0,17402.8,8484740.0,25137.2,14776600.0,0.0,1.03759e-13,6435720.0,3512280000.0,6432600.0,3271850000.0,256.024,25345.7,14771400.0,392.147,0.00822554
2022-05-31,2069.0,6.804860000000001,202.304,23955.0,17394.0,9024020.0,24924.2,15552300.0,-9.676219999999999e-14,-1.4744300000000002e-13,6490510.0,3712690000.0,6486530.0,3472150000.0,260.41,25126.5,15550300.0,391.339,0.00805145
2022-06-30,2099.0,7.13063,190.925,29848.1,17389.8,9545810.0,24728.8,16296800.0,6.49071e-14,-6.14685e-13,6579670.0,3908690000.0,6574650.0,3667960000.0,266.073,24919.7,16297900.0,390.644,0.00766159
2022-07-31,2130.0,7.46433,169.424,35404.2,17836.0,10101700.0,24471.2,17059500.0,0.0,-9.39741e-13,6682240.0,4114270000.0,6679190.0,3873450000.0,273.066,24640.6,17061700.0,390.194,0.00687582
2022-08-31,2161.0,7.794560000000001,157.36700000000002,40459.5,17836.0,10654600.0,24239.5,17814200.0,0.0,-9.39741e-13,6790470.0,4323160000.0,6784600.0,4082170000.0,280.14,24396.9,17818000.0,389.751,0.00645029
2022-09-30,2191.0,8.11144,150.232,45027.7,17836.0,11189700.0,24056.2,18538400.0,0.0,-9.39741e-13,6891360.0,4528530000.0,6887520.0,4287320000.0,286.469,24206.4,18544200.0,389.329,0.00620628
2022-10-31,2222.0,8.430480000000001,10.1304,46407.6,17836.0,11742600.0,23375.9,19267600.0,0.0,-9.39741e-13,6018180.0,4720340000.0,6001560.0,4482530000.0,257.453,23386.0,19269200.0,388.93,0.00043318
2022-11-30,2252.0,8.73663,15.1918,46771.0,17836.0,12277700.0,23259.3,19967200.0,0.0,-9.39741e-13,6139570.0,4903030000.0,6123450.0,4664780000.0,263.962,23274.5,19967400.0,388.54699999999997,0.000652724
2022-12-31,2283.0,9.05077,32.2287,47529.0,17836.0,12830600.0,23088.9,20685200.0,0.0,-9.39741e-13,6263010.0,5095510000.0,6237340.0,4856600000.0,271.256,23121.1,20684200.0,388.213,0.00139391
2023-01-31,2314.0,9.362589999999999,53.7102,48895.4,17836.0,13383500.0,22905.4,21397900.0,0.0,-9.19827e-13,6403710.0,5292210000.0,6400340.0,5053080000.0,279.572,22959.1,21395900.0,387.995,0.00233939
2023-02-28,2342.0,9.64209,60.3743,50515.6,17836.0,13883000.0,22738.7,22036700.0,0.0,-9.19827e-13,6421430.0,5471890000.0,6421070.0,5232730000.0,282.401,22799.0,22034300.0,387.855,0.00264811
2023-03-31,2373.0,9.94973,65.3151,52466.3,17836.0,14435900.0,22638.7,22739800.0,0.0,-9.19827e-13,6446580.0,5671310000.0,6445150.0,5432110000.0,284.759,22704.1,22738100.0,387.686,0.0028768
2023-04-30,2403.0,10.2465,68.7955,54486.4,17836.0,14971000.0,22588.2,23418000.0,6.00804e-14,-6.83025e-13,6441810.0,5864590000.0,6442260.0,5625400000.0,285.185,22657.0,23417800.0,387.517,0.0030364
2023-05-31,2434.0,10.5525,79.2821,56759.8,17813.4,15523700.0,22524.6,24117300.0,5.3725400000000003e-14,-5.41114e-13,6453540.0,6064370000.0,6450030.0,5825150000.0,286.51099999999997,22603.8,24118600.0,387.351,0.00350746
2023-06-30,2464.0,10.8473,106.781,59565.3,17759.6,16057200.0,22396.1,24791100.0,-9.44925e-14,2.274e-13,6487010.0,6258540000.0,6484100.0,6019210000.0,289.649,22502.9,24793600.0,387.2,0.00474522
2023-07-31,2495.0,11.1497,148.431,63523.0,17836.0,16616400.0,22189.5,25482300.0,0.0,2.70732e-13,6523410.0,6460240000.0,6522540.0,6220860000.0,293.986,22338.0,25486100.0,387.16900000000004,0.00664479
2023-08-31,2526.0,11.4492,200.485,68917.9,17836.0,17169300.0,21977.4,26166700.0,0.0,2.70732e-13,6568940.0,6663150000.0,6565620.0,6423710000.0,298.895,22177.9,26173600.0,387.091,0.00903986
2023-09-30,2556.0,11.7362,238.77700000000002,75694.5,17836.0,17704400.0,21772.0,26822800.0,0.0,2.70732e-13,6673200.0,6861590000.0,6667530.0,6621930000.0,306.504,22010.8,26834000.0,387.009,0.0108482
2023-10-31,2587.0,12.0292,223.59900000000002,82881.0,17836.0,18257300.0,21506.2,27492200.0,0.0,2.70732e-13,6742220.0,7067680000.0,6731640.0,6827740000.0,313.501,21729.8,27507600.0,386.93,0.01029
2023-11-30,2617.0,12.3104,206.795,89297.5,17836.0,18792400.0,21364.2,28135100.0,0.0,2.70732e-13,6980550.0,7273720000.0,6962480.0,7033050000.0,326.74,21571.0,28154700.0,386.89,0.0095867
2023-12-31,2648.0,12.5992,194.854,95486.7,17836.0,19345300.0,21238.7,28795100.0,0.0,2.70732e-13,7211820.0,7494120000.0,7180580.0,7252420000.0,339.56,21433.6,28819200.0,386.87699999999995,0.00909107
2024-01-31,2679.0,12.8845,183.019,101323.0,17836.0,19898200.0,20786.9,29447100.0,0.0,2.3323800000000003e-13,7280000.0,7719590000.0,7280000.0,7477620000.0,350.22,20969.9,29469200.0,387.042,0.00872768
2024-02-29,2708.0,13.1473,168.82,106390.0,17836.0,20415500.0,20678.3,30047600.0,0.0,2.3323800000000003e-13,7280000.0,7930710000.0,7280000.0,7688740000.0,352.061,20847.1,30073800.0,387.231,0.00809804
2024-03-31,2739.0,13.4276,177.395,111711.0,17836.0,20968400.0,20662.9,30688200.0,0.0,2.3323800000000003e-13,7280000.0,8156390000.0,7280000.0,7914420000.0,352.32300000000004,20840.3,30719800.0,387.4,0.00851211
2024-04-30,2769.0,13.7008,209.545,117481.0,17836.0,21503500.0,20907.6,31312800.0,-1.64374e-15,9.84324e-14,7276900.0,8374750000.0,7280000.0,8132790000.0,348.051,21117.1,31353400.0,387.52,0.00992298
2024-05-31,2800.0,13.9846,277.918,125053.0,17836.0,22056400.0,20897.7,31961300.0,4.14576e-14,1.4815e-13,7234240.0,8599690000.0,7236930.0,8357850000.0,346.17400000000004,21175.6,32009800.0,387.608,0.0131244
2024-06-30,2830.0,14.2583,346.435,134554.0,17793.1,22591100.0,20802.0,32586700.0,5.22652e-15,3.76492e-13,7218080.0,8816390000.0,7218420.0,8574590000.0,346.99,21148.4,32644300.0,387.676,0.0163811
2024-07-31,2861.0,14.5394,403.001,146235.0,17836.0,23150400.0,20639.6,33229200.0,0.0,6.62247e-13,7249960.0,9040520000.0,7248400.0,8798690000.0,351.265,21042.6,33296600.0,387.85900000000004,0.0191517
2024-08-31,2892.0,14.8177,470.44300000000004,159759.0,17836.0,23703300.0,20358.3,33865200.0,0.0,6.62247e-13,7280000.0,9266000000.0,7280000.0,9024130000.0,357.593,20828.8,33942300.0,387.981,0.0225862
2024-09-30,2922.0,15.0815,480.764,174316.0,17836.0,24238400.0,19822.6,34468300.0,0.0,6.62247e-13,7280000.0,9484400000.0,7280000.0,9242530000.0,367.25800000000004,20303.4,34551400.0,388.102,0.023679099999999998
2024-10-31,2953.0,15.3452,432.958,188393.0,17836.0,24791300.0,19092.6,35070800.0,0.0,6.62247e-13,7280000.0,9710080000.0,7280000.0,9468210000.0,381.3,19525.5,35156700.0,388.283,0.0221739
2024-11-30,2983.0,15.5908,397.222,200759.0,17836.0,25326400.0,18410.1,35632200.0,0.0,6.62247e-13,7280000.0,9928480000.0,7280000.0,9686610000.0,395.435,18807.3,35720900.0,388.55300000000005,0.0211206
2024-12-31,3014.0,15.8358,372.42800000000005,212606.0,17836.0,25879300.0,17789.6,36192200.0,0.0,6.62247e-13,7280000.0,10154200000.0,7280000.0,9912290000.0,409.228,18162.0,36283900.0,388.945,0.020505900000000004
2025-01-31,3045.0,16.0738,354.972,223830.0,17836.0,26432200.0,17378.5,36736100.0,0.0,6.8315e-13,7280000.0,10379800000.0,7280000.0,10138000000.0,418.908,17733.5,36833600.0,389.574,0.0200171
2025-02-28,3073.0,16.2867,346.85699999999997,233582.0,17836.0,26931600.0,17406.6,37222700.0,0.0,6.8315e-13,7280000.0,10583700000.0,7280000.0,10341800000.0,418.233,17753.4,37330700.0,390.181,0.0195375
2025-03-31,3104.0,16.5233,374.108,244701.0,17783.6,27484200.0,17490.1,37763400.0,0.0,6.8315e-13,7280000.0,10809400000.0,7280000.0,10567500000.0,416.236,17864.2,37884500.0,390.82300000000004,0.0209418
2025-04-30,3134.0,16.7637,366.67,255131.0,17677.6,28016000.0,18606.7,38312900.0,-6.26852e-14,7.06639e-13,7280000.0,11027800000.0,7280000.0,10785900000.0,391.256,18973.4,38453700.0,391.289,0.0193255
2025-05-31,3165.0,17.018,485.48699999999997,268379.0,17586.7,28562400.0,18843.0,38894000.0,1.80065e-14,3.29046e-13,7280000.0,11253400000.0,7280000.0,11011600000.0,386.351,19328.5,39052900.0,391.648,0.025117700000000003
2025-06-30,3195.0,17.2659,612.862,285094.0,17500.7,29088600.0,18915.5,39460700.0,2.94179e-14,3.2584800000000003e-13,7280000.0,11471800000.0,7280000.0,11230000000.0,384.87,19528.3,39638800.0,391.92199999999997,0.0313832
2025-07-31,3226.0,17.522000000000002,719.829,305919.0,17836.0,29639200.0,18798.2,40045900.0,0.0,3.25281e-13,7280000.0,11697500000.0,7280000.0,11455600000.0,387.272,19518.0,40243800.0,392.301,0.036880300000000005
2025-08-31,3257.0,17.7753,817.9580000000001,329780.0,17836.0,30192100.0,18545.8,40624700.0,0.0,3.25281e-13,7280000.0,11923200000.0,7280000.0,11681300000.0,392.541,19363.8,40844100.0,392.664,0.0422416
2025-09-30,3287.0,18.016,822.814,354758.0,17836.0,30727200.0,18103.3,41174800.0,0.0,3.25281e-13,7280000.0,12141600000.0,7280000.0,11899700000.0,402.13699999999994,18926.1,41411900.0,392.999,0.043475099999999996
2025-10-31,3318.0,18.2584,771.737,379345.0,17836.0,31280100.0,17604.0,41728900.0,0.0,3.25281e-13,7280000.0,12367300000.0,7280000.0,12125400000.0,413.543,18375.7,41981500.0,393.38,0.0419976
2025-11-30,3348.0,18.4848,733.668,401877.0,17836.0,31815200.0,16967.9,42246400.0,0.0,3.25281e-13,7280000.0,12585700000.0,7280000.0,12343800000.0,429.045,17701.6,42512600.0,393.83,0.0414465
2025-12-31,3379.0,18.7107,695.923,423960.0,17836.0,32368100.0,16405.4,42762600.0,0.0,3.25281e-13,7280000.0,12811400000.0,7280000.0,12569500000.0,443.75699999999995,17101.3,43042700.0,394.39599999999996,0.04069419999999999
2026-01-31,3410.0,18.9301,663.497,444960.0,17499.1,32913700.0,16026.0,43264100.0,0.0,3.36402e-13,7280000.0,13037000000.0,7280000.0,12795200000.0,454.26099999999997,16689.5,43560100.0,395.129,0.03975530000000001
2026-02-28,3438.0,19.1266,646.309,463193.0,17437.7,33402600.0,16063.9,43713100.0,0.0,3.36402e-13,7280000.0,13240900000.0,7280000.0,12999000000.0,453.19,16710.2,44028000.0,395.81,0.0386775
2026-03-31,3469.0,19.345,674.773,483580.0,17358.8,33942000.0,16142.6,44212200.0,0.0,3.36402e-13,7280000.0,13466600000.0,7280000.0,13224700000.0,450.981,16817.4,44549300.0,396.527,0.0401236
2026-04-30,3499.0,19.5585,770.66,505142.0,17268.2,34461300.0,16416.0,44700400.0,-2.37106e-14,2.55724e-13,7280000.0,13685000000.0,7280000.0,13443100000.0,443.47,17186.6,45064900.0,397.156,0.0448406
2026-05-31,3530.0,19.7834,935.122,531779.0,17172.6,34995000.0,16695.8,45214400.0,5.812810000000001e-15,2.63619e-13,7280000.0,13910600000.0,7280000.0,13668800000.0,436.038,17630.9,45611500.0,397.708,0.053038800000000004
2026-06-30,3560.0,20.0036,1074.65,562232.0,17082.3,35508700.0,16814.1,45717500.0,-2.1446200000000002e-14,2.23855e-13,7280000.0,14129000000.0,7280000.0,13887200000.0,432.97,17888.7,46148100.0,398.158,0.060074199999999994
2026-07-31,3591.0,20.2313,1188.74,597493.0,17836.0,36058400.0,16723.4,46237900.0,0.0,3.11771e-13,7280000.0,14354700000.0,7280000.0,14112800000.0,435.319,17912.1,46703400.0,398.83,0.0663652
2026-08-31,3622.0,20.4567,1293.09,636103.0,17836.0,36611300.0,16505.1,46753000.0,0.0,3.11771e-13,7280000.0,14580400000.0,7280000.0,14338500000.0,441.07599999999996,17798.2,47255200.0,399.467,0.072653
2026-09-30,3652.0,20.6705,1260.49,674725.0,17836.0,37146400.0,16069.4,47241800.0,0.0,3.11771e-13,7280000.0,14798800000.0,7280000.0,14556900000.0,453.034,17329.9,47775100.0,400.06300000000005,0.0727347
2026-10-31,3683.0,20.8902,1219.49,713329.0,17836.0,37699300.0,16103.2,47743900.0,0.0,3.11771e-13,7280000.0,15024500000.0,7280000.0,14782600000.0,452.085,17322.7,48312100.0,400.642,0.07039830000000001
2026-11-30,3713.0,21.0976,1152.74,748783.0,17836.0,38234400.0,15526.6,48217700.0,0.0,3.11771e-13,7280000.0,15242900000.0,7280000.0,15001000000.0,468.87199999999996,16679.4,48812400.0,401.25699999999995,0.0691115
2026-12-31,3744.0,21.304000000000002,1106.38,783633.0,17836.0,38787300.0,14984.6,48689500.0,0.0,3.11771e-13,7280000.0,15468600000.0,7280000.0,15226700000.0,485.83099999999996,16091.0,49311300.0,402.005,0.0687574
2027-01-31,3775.0,21.504,1089.82,817582.0,16854.0,39315700.0,14606.9,49146700.0,0.0,3.21599e-13,7280000.0,15694200000.0,7280000.0,15452400000.0,498.395,15696.7,49797900.0,402.781,0.0694298
2027-02-28,3803.0,21.6831,1100.31,848145.0,16871.2,39788000.0,14639.1,49556000.0,0.0,3.21599e-13,7280000.0,15898100000.0,7280000.0,15656200000.0,497.298,15739.4,50238600.0,403.496,0.0699079
2027-03-31,3834.0,21.8819,1165.43,883186.0,16830.7,40310400.0,14689.8,50010300.0,0.0,3.21599e-13,7280000.0,16123800000.0,7280000.0,15881900000.0,495.582,15855.2,50730100.0,404.26300000000003,0.0735043
2027-04-30,3864.0,22.0764,1309.32,920205.0,16754.4,40814100.0,14952.6,50454800.0,-3.00384e-14,1.0518299999999999e-13,7280000.0,16342200000.0,7280000.0,16100300000.0,486.87199999999996,16261.9,51217900.0,404.93800000000005,0.0805146
2027-05-31,3895.0,22.2812,1514.18,964302.0,16667.7,41332100.0,15194.0,50922800.0,-1.09309e-14,1.38985e-13,7280000.0,16567800000.0,7280000.0,16326000000.0,479.13599999999997,16708.2,51735900.0,405.531,0.090625
2027-06-30,3925.0,22.4812,1676.3,1012530.0,16580.0,41830700.0,15258.8,51380100.0,-3.42649e-14,-5.78273e-14,7280000.0,16786200000.0,7280000.0,16544400000.0,477.1,16935.2,52243900.0,406.02099999999996,0.0989835
2027-07-31,3956.0,22.6876,1805.82,1066720.0,17728.2,42378100.0,15146.2,51851700.0,0.0,-1.58393e-13,7280000.0,17011900000.0,7280000.0,16770000000.0,480.65,16952.0,52769500.0,406.865,0.106526
2027-08-31,3987.0,22.8916,1911.19,1124630.0,17592.2,42924800.0,14922.8,52318000.0,0.0,-1.58393e-13,7280000.0,17237600000.0,7280000.0,16995700000.0,487.846,16833.9,53291300.0,407.634,0.113532
2027-09-30,4017.0,23.0844,1844.18,1181200.0,17616.4,43452800.0,14453.4,52758600.0,0.0,-1.58393e-13,7280000.0,17456000000.0,7280000.0,17214100000.0,503.68699999999995,16297.6,53780200.0,408.36,0.113157
2027-10-31,4048.0,23.2789,1735.28,1236420.0,17614.3,43999100.0,14163.3,53203100.0,0.0,-1.58393e-13,7280000.0,17681700000.0,7280000.0,17439800000.0,514.003,15898.6,54273100.0,409.148,0.10914700000000001
2027-11-30,4078.0,23.4614,1657.36,1287130.0,17585.4,44527100.0,13682.4,53620100.0,0.0,-1.58393e-13,7280000.0,17900100000.0,7280000.0,17658200000.0,532.07,15339.8,54733300.0,409.977,0.108044
2027-12-31,4109.0,23.6677,1494.74,1333980.0,17618.3,45072600.0,15246.1,54091600.0,0.0,-1.58393e-13,7280000.0,18125500000.0,7280000.0,17883700000.0,477.49800000000005,16740.9,55252200.0,410.642,0.0892867
2028-01-31,4140.0,23.8726,1512.77,1380530.0,16152.7,45582600.0,14985.0,54559900.0,0.0,-1.53911e-13,7280000.0,18351200000.0,7280000.0,18109400000.0,485.819,16497.8,55763700.0,411.199,0.0916952
2028-02-29,4169.0,24.0614,1559.6,1425060.0,16301.5,46053900.0,14798.6,54991500.0,-1.71272e-16,-9.23325e-14,7280000.0,18562300000.0,7280000.0,18320500000.0,491.93800000000005,16358.2,56238100.0,411.714,0.0953408
2028-03-31,4200.0,24.2612,1668.89,1475020.0,16335.4,46560000.0,14674.8,55448000.0,-1.4079300000000001e-14,-2.2349299999999998e-13,7280000.0,18788000000.0,7280000.0,18546200000.0,496.088,16343.7,56744700.0,412.305,0.102112
2028-04-30,4230.0,24.455,1847.47,1528030.0,16315.6,47049900.0,14804.1,55891100.0,-6.00404e-15,-1.49773e-13,7280000.0,19006400000.0,7280000.0,18764500000.0,491.754,16651.6,57244300.0,412.852,0.110948
2028-05-31,4261.0,24.6553,1987.18,1587770.0,16258.7,47554700.0,14704.9,56348800.0,2.5671399999999997e-15,-2.7191500000000003e-14,7226140.0,19231500000.0,7235440.0,18989900000.0,491.41,16692.1,57761700.0,413.346,0.119049
2028-06-30,4291.0,24.8472,2093.05,1649230.0,16188.7,48041400.0,14559.4,56787400.0,1.03465e-14,9.02043e-14,7189240.0,19447400000.0,7188080.0,19205900000.0,493.788,16652.4,58261300.0,413.788,0.12569
2028-07-31,4322.0,25.0437,2161.95,1715360.0,17374.3,48572000.0,14421.7,57236500.0,0.0,2.15877e-14,7245450.0,19671000000.0,7242310.0,19429400000.0,502.399,16583.6,58775400.0,414.57300000000004,0.130366
2028-08-31,4353.0,25.2381,2203.46,1783100.0,17210.5,49107900.0,14214.1,57680700.0,0.0,2.15877e-14,7280000.0,19896500000.0,7280000.0,19654800000.0,512.1669999999999,16417.6,59284300.0,415.36699999999996,0.134214
2028-09-30,4383.0,25.4231,2256.46,1850020.0,17175.0,49623400.0,13999.4,58103600.0,0.0,2.15877e-14,7280000.0,20114900000.0,7280000.0,19873200000.0,520.021,16255.9,59772000.0,416.065,0.138809
2028-10-31,4414.0,25.6072,2106.37,1915980.0,16961.4,50153600.0,13436.2,58524200.0,0.0,2.15877e-14,6263300.0,20316700000.0,6253610.0,20078600000.0,466.151,15542.6,60253800.0,416.80199999999996,0.135522
2028-11-30,4444.0,25.7836,2154.93,1980070.0,16631.7,50656800.0,13450.2,58927600.0,0.0,2.15877e-14,6403250.0,20506800000.0,6388530.0,20268300000.0,476.069,15605.2,60722000.0,417.469,0.13809100000000002
2028-12-31,4475.0,25.9661,2179.79,2047330.0,16404.2,51168200.0,13455.6,59344700.0,0.0,2.15877e-14,6565300.0,20708000000.0,6546220.0,20468900000.0,487.923,15635.4,61206700.0,418.12800000000004,0.139414
2029-01-31,4506.0,26.1486,2210.55,2115380.0,15828.5,51663200.0,13447.1,59761600.0,6.23615e-15,-5.99574e-14,6737610.0,20914400000.0,6728730.0,20675100000.0,501.046,15657.6,61692100.0,418.777,0.14118
2029-02-28,4534.0,26.3133,2240.06,2177710.0,15911.1,52108000.0,13435.9,60138000.0,-9.266129999999999e-15,-7.84337e-14,6876960.0,21105200000.0,6865030.0,20865500000.0,511.835,15676.0,62131000.0,419.349,0.142898
2029-03-31,4565.0,26.4953,2289.52,2247900.0,15915.4,52601500.0,13401.8,60554100.0,8.252269999999999e-16,-7.13067e-14,6979920.0,21320300000.0,6977820.0,21080300000.0,520.819,15691.4,62617400.0,419.99699999999996,0.14590999999999998
2029-04-30,4595.0,26.6691,2272.49,2315900.0,15880.3,53078400.0,13169.5,60951300.0,-9.23144e-16,-5.16472e-14,6737100.0,21524400000.0,6730200.0,21285500000.0,511.56800000000004,15442.0,63080700.0,420.624,0.14716300000000002
2029-05-31,4626.0,26.8477,2336.49,2387440.0,15822.5,53569800.0,13161.6,61359500.0,-6.48158e-15,1.7899700000000002e-14,6768050.0,21734000000.0,6769000.0,21495000000.0,514.226,15498.1,63561100.0,421.23400000000004,0.150759
2029-06-30,4656.0,27.0203,2393.48,2458500.0,15747.1,54043200.0,13122.8,61753800.0,2.12054e-14,6.03487e-14,6743370.0,21936700000.0,6746470.0,21697700000.0,513.865,15516.3,64026600.0,421.798,0.154256
2029-07-31,4687.0,27.1976,2447.87,2533640.0,15233.1,54518200.0,13018.9,62159200.0,0.0,1.0571400000000001e-13,6716540.0,22145300000.0,6717340.0,21906300000.0,515.909,15466.7,64506100.0,422.298,0.15826700000000002
2029-08-31,4718.0,27.3732,2517.98,2610580.0,15429.5,54994400.0,12867.0,62560400.0,0.0,1.0571400000000001e-13,6695200.0,22353100000.0,6696540.0,22114300000.0,520.3380000000001,15385.0,64983000.0,422.767,0.163664
2029-09-30,4748.0,27.541,2606.65,2687510.0,15490.9,55458300.0,12711.1,62943900.0,0.0,1.0571400000000001e-13,6672920.0,22553600000.0,6673310.0,22314800000.0,524.967,15317.8,65442600.0,423.219,0.170172
2029-10-31,4779.0,27.7112,2618.84,2768380.0,15525.4,55939300.0,12452.3,63332900.0,0.0,1.0571400000000001e-13,6552760.0,22757500000.0,6546960.0,22518900000.0,526.2280000000001,15071.2,65909800.0,423.68199999999996,0.173765
2029-11-30,4809.0,27.8741,2653.95,2847570.0,15542.5,56405400.0,12389.0,63705300.0,0.0,1.0571400000000001e-13,6658730.0,22955600000.0,6647720.0,22716800000.0,537.4730000000001,15042.9,66361000.0,424.14599999999996,0.176426
2029-12-31,4840.0,28.0418,2680.09,2930300.0,15541.0,56887200.0,12345.1,64088600.0,0.0,1.0571400000000001e-13,6784470.0,23164200000.0,6768450.0,22924900000.0,549.569,15025.2,66826800.0,424.648,0.178373
2030-01-31,4871.0,28.209,2716.3,3013930.0,15190.9,57361300.0,12311.2,64470600.0,1.0711700000000001e-14,9.270139999999999e-14,6938650.0,23377000000.0,6932210.0,23137500000.0,563.606,15027.5,67292700.0,425.199,0.180756
2030-02-28,4899.0,28.3598,2743.79,3090410.0,15376.8,57789900.0,12303.7,64815200.0,-1.46024e-14,2.34847e-13,7078620.0,23573400000.0,7068300.0,23333500000.0,575.325,15047.5,67714000.0,425.718,0.182342
2030-03-31,4930.0,28.5266,2790.96,3176180.0,15437.9,58267800.0,12288.6,65196400.0,6.69453e-15,2.04314e-13,7175390.0,23794600000.0,7171450.0,23554500000.0,583.9069999999999,15079.5,68181500.0,426.327,0.185082
2030-04-30,4960.0,28.6851,2757.91,3259030.0,15437.4,58731100.0,11952.3,65558800.0,-1.2076900000000001e-15,2.58518e-13,6910570.0,24005300000.0,6911850.0,23766000000.0,578.177,14710.2,68622800.0,426.952,0.18748199999999998
2030-05-31,4991.0,28.8473,2848.3,3346060.0,15403.5,59209100.0,11944.4,65929400.0,1.26099e-15,2.64153e-13,6852400.0,24218700000.0,6857290.0,23979700000.0,573.69,14792.7,69081400.0,427.597,0.192547
2030-06-30,5021.0,29.0037,2928.49,3432860.0,15355.0,59670400.0,11890.0,66286900.0,-6.858880000000001e-15,3.0033799999999997e-14,6798190.0,24423400000.0,6804870.0,24184500000.0,571.754,14818.5,69525900.0,428.205,0.197623
2030-07-31,5052.0,29.1643,3000.01,3524930.0,13817.0,60112800.0,11774.4,66653900.0,0.0,2.1677700000000003e-14,6763600.0,24633500000.0,6764370.0,24394700000.0,574.432,14774.4,69983900.0,428.56,0.20305399999999998
2030-08-31,5083.0,29.3229,3078.35,3619130.0,13991.9,60543900.0,11616.3,67016300.0,0.0,2.1677700000000003e-14,6731190.0,24842700000.0,6733990.0,24604000000.0,579.4630000000001,14694.6,70439500.0,428.767,0.20948899999999998
2030-09-30,5113.0,29.4742,3175.2,3713010.0,14081.5,60965300.0,11455.9,67362200.0,0.0,2.1677700000000003e-14,6684490.0,25043900000.0,6686680.0,24805300000.0,583.497,14631.1,70878400.0,428.98199999999997,0.21701700000000002
2030-10-31,5144.0,29.6205,3108.46,3809930.0,14192.6,61403800.0,10531.5,67696600.0,0.0,2.1677700000000003e-14,5763300.0,25231000000.0,5760260.0,24993900000.0,547.245,13640.0,71301200.0,429.288,0.227894
2030-11-30,5174.0,29.7589,3115.11,3903320.0,14080.5,61828100.0,10548.3,68013000.0,0.0,2.1677700000000003e-14,5913540.0,25406100000.0,5892940.0,25168600000.0,560.614,13663.4,71711100.0,429.695,0.227989
2030-12-31,5205.0,29.9018,3116.86,3999910.0,13909.7,62261600.0,10509.8,68339400.0,0.0,2.1677700000000003e-14,6127780.0,25593100000.0,6098630.0,25354700000.0,583.052,13626.7,72133600.0,430.13,0.22873200000000002
2031-01-31,5236.0,30.0439,3131.37,4096710.0,14932.6,62715700.0,10458.2,68664200.0,-1.36939e-15,5.12116e-14,6362690.0,25787100000.0,6355700.0,25548200000.0,608.3919999999999,13589.6,72554800.0,430.89300000000003,0.230424
2031-02-28,5264.0,30.171999999999997,3142.21,4184560.0,15119.3,63137800.0,10449.1,68956900.0,-1.2682e-15,-1.9788099999999998e-14,6549450.0,25968000000.0,6533400.0,25728700000.0,626.7959999999999,13591.3,72935400.0,431.705,0.23119299999999998
2031-03-31,5295.0,30.3136,3166.6,4282340.0,15023.8,63606100.0,10431.9,69280600.0,6.35678e-15,-1.19711e-13,6704850.0,26173800000.0,6698630.0,25934100000.0,642.724,13598.5,73357000.0,432.608,0.23286300000000001
2031-04-30,5325.0,30.4502,3222.59,4378210.0,14831.7,64053400.0,10390.0,69592900.0,-6.8496499999999996e-15,-1.4506e-13,6729810.0,26375600000.0,6729520.0,26135800000.0,647.7180000000001,13612.6,73765300.0,433.403,0.236735
2031-05-31,5356.0,30.5908,3295.95,4479280.0,14708.0,64510900.0,10330.6,69914100.0,5.1582299999999994e-15,-7.9466e-14,6679260.0,26583600000.0,6684190.0,26343900000.0,646.552,13626.5,74187800.0,434.149,0.241877
2031-06-30,5386.0,30.7259,3377.92,4579480.0,14628.3,64950800.0,10259.0,70222900.0,-2.88244e-15,-3.24505e-14,6593430.0,26782600000.0,6600560.0,26543200000.0,642.698,13636.9,74596900.0,434.815,0.247704
2031-07-31,5417.0,30.8644,3438.53,4685300.0,11431.4,65329600.0,10152.1,70539400.0,0.0,4.4111599999999997e-14,6509720.0,26985600000.0,6512550.0,26746300000.0,641.22,13590.6,75018200.0,434.784,0.253008
2031-08-31,5448.0,31.000999999999998,3514.82,4793060.0,12037.0,65695500.0,10008.5,70851700.0,0.0,4.4111599999999997e-14,6414500.0,27185900000.0,6424390.0,26946800000.0,640.904,13523.3,75437400.0,434.61300000000006,0.259908
2031-09-30,5478.0,31.1314,3618.0,4900160.0,12335.5,66061900.0,9865.28,71149600.0,0.0,4.4111599999999997e-14,6309230.0,27376600000.0,6314370.0,27137700000.0,639.538,13483.3,75841900.0,434.564,0.268333
2031-10-31,5509.0,31.2644,3687.44,5013610.0,12517.3,66447600.0,9765.87,71453600.0,0.0,4.4111599999999997e-14,6309560.0,27571800000.0,6304580.0,27332900000.0,646.0830000000001,13453.3,76258900.0,434.569,0.274091
2031-11-30,5539.0,31.3922,3716.42,5124770.0,12644.1,66825400.0,9711.65,71745700.0,0.0,4.4111599999999997e-14,6402440.0,27762400000.0,6387560.0,27523200000.0,659.253,13428.1,76661800.0,434.624,0.276765
2031-12-31,5570.0,31.5236,3730.25,5240250.0,12730.5,67219000.0,9674.69,72046000.0,0.0,4.4111599999999997e-14,6536700.0,27963200000.0,6513090.0,27723600000.0,675.65,13404.9,77077300.0,434.73,0.27827399999999997
2032-01-31,5601.0,31.6546,3743.15,5356080.0,13986.3,67638600.0,9656.08,72345500.0,3.3516399999999998e-15,5.4863099999999996e-14,6719260.0,28168800000.0,6716310.0,27928300000.0,695.8580000000001,13399.2,77492700.0,435.185,0.279356
2032-02-29,5630.0,31.7773,3743.55,5464670.0,14228.5,68050400.0,9677.02,72625800.0,1.03723e-14,1.41916e-13,6902600.0,28366400000.0,6886840.0,28125500000.0,713.298,13420.6,77881900.0,435.827,0.278941
2032-03-31,5661.0,31.9087,3754.75,5580840.0,14133.6,68490100.0,9688.29,72926100.0,4.019e-15,8.935650000000001e-14,7053470.0,28583100000.0,7047820.0,28341700000.0,728.041,13443.0,78298600.0,436.491,0.279308
2032-04-30,5691.0,32.0358,3796.62,5694100.0,14023.7,68912400.0,9674.4,73216600.0,5.27483e-15,6.5949e-14,7106430.0,28795700000.0,7105000.0,28554200000.0,734.561,13471.0,78702800.0,437.079,0.28183600000000003
2032-05-31,5722.0,32.1667,3860.25,5812830.0,13901.8,69345000.0,9634.97,73515900.0,-6.2957900000000005e-15,1.07447e-13,7082110.0,29015800000.0,7087660.0,28774400000.0,735.0419999999999,13495.2,79121100.0,437.62199999999996,0.286046
2032-06-30,5752.0,32.2928,3929.35,5929780.0,13798.1,69760300.0,9576.14,73804000.0,-3.704440000000001e-15,1.41927e-13,7016450.0,29227300000.0,7024650.0,28986100000.0,732.701,13505.5,79526300.0,438.094,0.290944
2032-07-31,5783.0,32.4221,3983.5,6052570.0,10642.2,70123100.0,9477.29,74099500.0,0.0,1.43573e-13,6941750.0,29443600000.0,6946110.0,29201200000.0,732.462,13460.8,79943600.0,437.916,0.29593400000000003
2032-08-31,5814.0,32.5495,4062.63,6177200.0,11476.0,70469000.0,9323.88,74390800.0,0.0,1.43573e-13,6829350.0,29657100000.0,6835140.0,29414900000.0,732.4580000000001,13386.5,80358600.0,437.593,0.303487
2032-09-30,5844.0,32.6709,4164.8,6300700.0,11864.1,70820000.0,9179.42,74668200.0,0.0,1.43573e-13,6707330.0,29860000000.0,6715390.0,29618100000.0,730.691,13344.2,80758900.0,437.436,0.312105
2032-10-31,5875.0,32.7938,4204.45,6430540.0,12091.2,71192100.0,8988.98,74949000.0,0.0,1.43573e-13,6554560.0,30064500000.0,6549330.0,29823100000.0,729.177,13193.4,81167900.0,437.36300000000006,0.318678
2032-11-30,5905.0,32.9114,4227.37,6557150.0,12205.0,71556900.0,8950.55,75217900.0,0.0,1.43573e-13,6644710.0,30262500000.0,6630650.0,30020700000.0,742.3810000000001,13177.9,81563200.0,437.35,0.320792
2032-12-31,5936.0,33.0327,4228.39,6688240.0,12279.4,71936600.0,8926.77,75495000.0,0.0,1.43573e-13,6799060.0,30470900000.0,6788430.0,30228700000.0,761.648,13155.2,81971000.0,437.385,0.321425
2033-01-31,5967.0,33.1537,4225.73,6819300.0,13399.4,72341500.0,8924.56,75771500.0,-2.05069e-15,1.41807e-13,6989780.0,30684500000.0,6984850.0,30441300000.0,783.207,13150.3,82378700.0,437.767,0.321341
2033-02-28,5995.0,33.2632,4208.64,6937380.0,13660.6,72721400.0,8952.13,76021800.0,-1.03429e-15,1.34947e-13,7187850.0,30883200000.0,7165520.0,30639500000.0,802.92,13160.8,82747200.0,438.275,0.319787
2033-03-31,6026.0,33.3844,4165.18,7067280.0,13664.0,73145400.0,8888.3,76298900.0,4.49961e-15,1.7365299999999999e-13,7280000.0,31108400000.0,7280000.0,30864400000.0,819.054,13053.5,83151900.0,438.86199999999997,0.31908600000000004
2033-04-30,6056.0,33.501,4173.56,7192230.0,13633.8,73554500.0,8883.15,76565400.0,3.2826099999999995e-15,1.29948e-13,7280000.0,31326800000.0,7109460.0,31081600000.0,819.529,13056.7,83543600.0,439.371,0.319648
2033-05-31,6087.0,33.6213,4233.23,7322480.0,13523.6,73974800.0,8866.54,76840300.0,5.89147e-15,1.07653e-13,7280000.0,31552500000.0,7223890.0,31305100000.0,821.064,13099.8,83949700.0,439.834,0.323153
2033-06-30,6117.0,33.7377,4319.02,7450880.0,13350.5,74377700.0,8869.01,77106300.0,1.10575e-14,1.2840799999999999e-13,7280000.0,31770900000.0,7183410.0,31522000000.0,820.836,13188.0,84345300.0,440.233,0.327495
2033-07-31,6148.0,33.8577,4383.58,7586030.0,10303.2,74718300.0,8797.79,77380600.0,0.0,8.31543e-14,7238630.0,31996200000.0,7242800.0,31744000000.0,822.778,13181.4,84753900.0,439.87800000000004,0.332559
2033-08-31,6179.0,33.9759,4467.33,7723160.0,11125.1,75053300.0,8638.71,77650800.0,0.0,8.31543e-14,7118920.0,32218800000.0,7125510.0,31966800000.0,824.072,13106.0,85160200.0,439.536,0.340861
2033-09-30,6209.0,34.0883,4568.97,7858800.0,11513.6,75393800.0,8491.97,77907600.0,0.0,8.31543e-14,6995770.0,32430200000.0,7002350.0,32178600000.0,823.81,13060.9,85552000.0,439.349,0.349819
2033-10-31,6240.0,34.199,4373.19,7997670.0,11660.4,75754300.0,7843.22,78160600.0,0.0,8.31543e-14,6503980.0,32639300000.0,6499120.0,32388800000.0,829.2489999999999,12216.4,85930800.0,439.31800000000004,0.357977
2033-11-30,6270.0,34.3018,4401.1,8129400.0,11665.9,76104200.0,7816.28,78395400.0,0.0,8.31543e-14,6615040.0,32836000000.0,6601310.0,32585200000.0,846.315,12217.4,86297300.0,439.37199999999996,0.360232
2033-12-31,6301.0,34.4076,4412.62,8266060.0,11657.1,76465800.0,7797.41,78637400.0,0.0,8.31543e-14,6767940.0,33043500000.0,6752420.0,32792100000.0,867.972,12210.0,86675800.0,439.465,0.36139299999999996
2034-01-31,6332.0,34.5133,4412.73,8402910.0,12864.5,76852800.0,7795.91,78878900.0,0.0,8.241369999999999e-14,6964480.0,33256300000.0,6957160.0,33003100000.0,893.35,12208.6,87054200.0,439.861,0.36144299999999996
2034-02-28,6360.0,34.609,4397.05,8526270.0,13264.3,77220700.0,7831.6,79097700.0,-9.60416e-15,6.86908e-14,7172940.0,33454400000.0,7159030.0,33200700000.0,915.8969999999999,12228.7,87396600.0,440.466,0.35957
2034-03-31,6391.0,34.7153,4347.73,8662040.0,13291.3,77632800.0,7797.6,79340500.0,-9.30574e-16,8.82183e-14,7280000.0,33679300000.0,7280000.0,33425400000.0,933.6210000000001,12145.3,87773200.0,441.156,0.357976
2034-04-30,6421.0,34.813,3807.12,8785150.0,13191.7,78028900.0,7031.14,79563800.0,2.34166e-15,2.86526e-14,6103550.0,33881300000.0,6085300.0,33626700000.0,868.074,10838.3,88098300.0,441.798,0.351267
2034-05-31,6452.0,34.9085,3759.27,8902230.0,12876.4,78433000.0,7050.5,79782200.0,-3.9967799999999994e-15,8.63884e-14,6238940.0,34073100000.0,6233130.0,33817900000.0,884.893,10809.8,88433400.0,442.62,0.34776599999999996
2034-06-30,6482.0,35.001,3767.34,9015000.0,12520.3,78813300.0,7037.37,79993600.0,-3.82585e-15,8.71595e-14,6263060.0,34260900000.0,6235660.0,34005100000.0,889.972,10804.7,88757500.0,443.379,0.348675
2034-07-31,6513.0,35.0962,3821.76,9132530.0,8868.7,79133100.0,6992.8,80211100.0,0.0,9.04441e-14,6220700.0,34454600000.0,6222810.0,34197400000.0,889.586,10814.6,89092800.0,443.425,0.35339
2034-08-31,6544.0,35.1906,3928.69,9252630.0,9628.43,79422900.0,6925.78,80426800.0,0.0,9.04441e-14,6155520.0,34646400000.0,6159400.0,34389400000.0,888.784,10854.5,89429300.0,443.219,0.361942
2034-09-30,6574.0,35.281,4048.54,9372590.0,9915.53,79717000.0,6854.93,80633500.0,0.0,9.04441e-14,6076390.0,34829900000.0,6093450.0,34573200000.0,886.427,10903.5,89756400.0,443.15,0.37130799999999997
2034-10-31,6605.0,35.3727,4097.73,9499130.0,10083.9,80027600.0,6692.54,80843100.0,0.0,9.04441e-14,6093850.0,35018100000.0,6097180.0,34761300000.0,910.545,10790.3,90090900.0,443.134,0.379762
2034-11-30,6635.0,35.4603,4150.8,9623020.0,10167.2,80331700.0,6656.55,81043300.0,0.0,9.04441e-14,6138360.0,35201400000.0,6128740.0,34944400000.0,922.153,10807.4,90415100.0,443.16,0.38407199999999997
2034-12-31,6666.0,35.5504,4185.35,9752330.0,10209.3,80647800.0,6625.73,81249100.0,0.0,9.04441e-14,6239530.0,35393300000.0,6228580.0,35135800000.0,941.712,10811.1,90750200.0,443.19800000000004,0.387135
2035-01-31,6697.0,35.6401,4208.16,9882520.0,11717.3,81003200.0,6607.59,81454100.0,0.0,8.74572e-14,6375920.0,35588700000.0,6369240.0,35329100000.0,964.939,10815.7,91085500.0,443.61800000000005,0.389077
2035-02-28,6725.0,35.7211,4197.75,10000200.0,12123.5,81339200.0,6629.44,81639400.0,0.0,8.592649999999999e-14,6547610.0,35769800000.0,6527840.0,35509800000.0,987.6560000000001,10827.2,91388700.0,444.217,0.387705
2035-03-31,6756.0,35.8112,4182.97,10130100.0,12089.6,81715200.0,6647.95,81845300.0,-3.19824e-16,1.02003e-13,6686070.0,35975300000.0,6426500.0,35709100000.0,1005.73,10830.9,91724500.0,444.74199999999996,0.386206
2035-04-30,6786.0,35.8908,2970.01,10234900.0,10642.1,82033500.0,5614.81,82027000.0,-5.61617e-17,1.2005599999999998e-13,4294360.0,36136100000.0,4308930.0,35869200000.0,764.828,8584.81,91982000.0,444.952,0.34596
2035-05-31,6817.0,35.9675,2980.84,10327200.0,10538.5,82361500.0,5684.78,82202300.0,-2.47014e-15,1.0487e-13,4230640.0,36267900000.0,4233010.0,36001200000.0,744.205,8665.62,92250600.0,445.474,0.343984
2035-06-30,6847.0,36.0425,2980.58,10416700.0,10395.0,82675100.0,5743.54,82373900.0,9.550189999999999e-16,1.1801800000000002e-13,4241230.0,36394900000.0,4237400.0,36128200000.0,738.435,8724.12,92512400.0,446.043,0.341648
2035-07-31,6878.0,36.1207,2977.98,10509000.0,9810.38,82986700.0,5774.9,82552600.0,0.0,1.1009000000000001e-13,4272980.0,36526900000.0,4271650.0,36260200000.0,739.923,8752.88,92783700.0,446.559,0.340229
2035-08-31,6909.0,36.1992,2984.18,10601400.0,9872.68,83294400.0,5789.21,82731900.0,0.0,1.1009000000000001e-13,4298760.0,36659800000.0,4296750.0,36393000000.0,742.547,8773.39,93055700.0,447.038,0.34014
2035-09-30,6939.0,36.2752,2991.32,10691000.0,9712.25,83588000.0,5800.41,82905800.0,0.0,1.1009000000000001e-13,4323060.0,36789200000.0,4320940.0,36522300000.0,745.303,8791.73,93319400.0,447.48400000000004,0.340242
2035-10-31,6970.0,36.3562,2727.36,10780300.0,9552.53,83884300.0,6181.04,83090800.0,0.0,1.1009000000000001e-13,3784730.0,36915700000.0,3781000.0,36649200000.0,612.313,8908.4,93595600.0,447.85400000000004,0.306156
2035-11-30,7000.0,36.4372,2749.57,10862300.0,9452.89,84170000.0,6155.02,83276000.0,0.0,1.1009000000000001e-13,3959890.0,37032200000.0,3944260.0,36765000000.0,643.36,8904.59,93862700.0,448.209,0.30878099999999997
2035-12-31,7031.0,36.5203,2790.37,10948200.0,9303.66,84460400.0,6100.81,83465900.0,0.0,1.1009000000000001e-13,4064770.0,37156700000.0,4050310.0,36889100000.0,666.2669999999999,8891.19,94138300.0,448.56,0.313836
2036-01-31,7062.0,36.6027,2832.81,11035500.0,9052.69,84745200.0,6045.42,83654100.0,0.0,1.0903900000000001e-13,4189670.0,37284800000.0,4183540.0,37016800000.0,693.0310000000001,8878.23,94413600.0,448.904,0.31907399999999997
2036-02-29,7091.0,36.6791,2855.85,11118000.0,8937.43,85005800.0,6010.83,83828800.0,-4.6996299999999994e-15,9.494450000000001e-14,4296380.0,37408000000.0,4288130.0,37139800000.0,714.7739999999999,8866.68,94670700.0,449.19,0.322088
2036-03-31,7122.0,36.7604,2874.93,11206900.0,8837.25,85281300.0,5973.71,84014500.0,-2.21492e-16,6.90096e-14,4390540.0,37542800000.0,4379090.0,37274200000.0,734.977,8848.64,94945000.0,449.464,0.3249
2036-04-30,7152.0,36.8381,2888.37,11293400.0,7792.86,85539700.0,5841.67,84192100.0,-7.597280000000001e-16,6.48611e-14,4169800.0,37672800000.0,4153920.0,37405300000.0,713.802,8730.04,95206900.0,449.67400000000004,0.330854
2036-05-31,7183.0,36.9171,2900.58,11383100.0,8544.08,85806200.0,5814.5,84372700.0,-3.66569e-16,7.953710000000001e-14,4238480.0,37803300000.0,4231160.0,37535500000.0,728.95,8715.08,95477100.0,449.85400000000004,0.332823
2036-06-30,7213.0,36.9933,2909.87,11470300.0,8446.65,86061000.0,5790.82,84546800.0,7.53412e-16,9.208899999999999e-14,4298810.0,37931400000.0,4290150.0,37663300000.0,742.3489999999999,8700.69,95738100.0,450.02,0.334441
2036-07-31,7244.0,37.0716,2923.16,11560700.0,8310.36,86320900.0,5757.01,84725800.0,0.0,9.90232e-14,4346300.0,38065500000.0,4343570.0,37797300000.0,754.9580000000001,8680.17,96007200.0,450.17699999999996,0.33676300000000003
2036-08-31,7275.0,37.1494,2945.59,11651700.0,8249.46,86577400.0,5716.21,84903500.0,0.0,9.90232e-14,4374080.0,38200700000.0,4372570.0,37932400000.0,765.206,8661.8,96275700.0,450.278,0.340066
2036-09-30,7305.0,37.2242,2968.97,11740400.0,8215.15,86824300.0,5682.61,85074500.0,0.0,9.90232e-14,4394600.0,38332300000.0,4391560.0,38063900000.0,773.342,8651.58,96535200.0,450.374,0.34317
2036-10-31,7336.0,37.3003,2998.1,11833000.0,8096.04,87075200.0,5552.94,85248600.0,0.0,9.90232e-14,4244830.0,38466400000.0,4243070.0,38198500000.0,764.429,8551.04,96800300.0,450.445,0.350612
2036-11-30,7366.0,37.373000000000005,3025.7,11923400.0,8075.38,87317700.0,5525.86,85414700.0,0.0,9.90232e-14,4261500.0,38594000000.0,4257640.0,38326100000.0,771.192,8551.56,97056900.0,450.509,0.353819
2036-12-31,7397.0,37.4477,3056.26,12017700.0,8042.78,87567500.0,5489.5,85585400.0,0.0,9.90232e-14,4288280.0,38726600000.0,4285610.0,38458500000.0,781.18,8545.75,97321800.0,450.57300000000004,0.357635
2037-01-31,7428.0,37.5219,3085.11,12113000.0,7971.04,87815800.0,5456.31,85755000.0,0.0,9.59209e-14,4324050.0,38860100000.0,4321990.0,38591900000.0,792.4860000000001,8541.42,97586600.0,450.67199999999997,0.361194
2037-02-28,7456.0,37.5886,3104.3,12199600.0,7938.68,88038400.0,5432.42,85907400.0,0.0,9.59209e-14,4362470.0,38981700000.0,4358050.0,38713500000.0,803.044,8536.72,97825600.0,450.74699999999996,0.363641
2037-03-31,7487.0,37.662,3125.95,12296200.0,7903.62,88284000.0,5399.07,86075300.0,-1.146e-15,8.81876e-14,4402690.0,39117700000.0,4397740.0,38849200000.0,815.453,8525.02,98089900.0,450.816,0.36668
2037-04-30,7517.0,37.7297,2757.46,12384800.0,7074.93,88503300.0,4884.81,86229800.0,-1.6979299999999998e-15,9.053710000000002e-14,3794240.0,39241300000.0,3791330.0,38974400000.0,776.743,7642.27,98319100.0,450.796,0.360817
2037-05-31,7548.0,37.7958,2789.79,12470900.0,7067.87,88722500.0,4869.58,86381000.0,-1.36046e-15,7.51102e-14,3823660.0,39359500000.0,3820390.0,39092500000.0,785.2139999999999,7659.37,98556600.0,450.779,0.364233
2037-06-30,7578.0,37.8596,2803.98,12554900.0,7054.4,88934400.0,4849.95,86526700.0,3.98051e-16,5.1278e-14,3849680.0,39474600000.0,3845380.0,39207500000.0,793.757,7653.93,98786200.0,450.80199999999996,0.366346
2037-07-31,7609.0,37.9252,2822.24,12642100.0,7019.82,89152500.0,4818.83,86676600.0,0.0,5.50609e-14,3874620.0,39594400000.0,3873540.0,39327200000.0,804.058,7641.07,99023100.0,450.841,0.36935100000000004
2037-08-31,7640.0,37.9902,2844.45,12729900.0,7004.14,89369800.0,4777.97,86825300.0,0.0,5.50609e-14,3884210.0,39714700000.0,3883510.0,39447400000.0,812.942,7622.41,99259400.0,450.847,0.37316900000000003
2037-09-30,7670.0,38.0527,2866.69,12815600.0,6999.54,89579800.0,4742.95,86968100.0,0.0,5.50609e-14,3893740.0,39831400000.0,3892240.0,39564100000.0,820.954,7609.65,99487700.0,450.86,0.376719
2037-10-31,7701.0,38.1168,2890.36,12904900.0,6995.0,89796700.0,4710.88,87114500.0,0.0,5.50609e-14,3909370.0,39952300000.0,3906720.0,39684900000.0,829.86,7601.24,99723300.0,450.874,0.380249
2037-11-30,7731.0,38.1784,2914.43,12992000.0,6991.27,90006500.0,4681.07,87255300.0,0.0,5.50609e-14,3930580.0,40070000000.0,3927170.0,39802500000.0,839.675,7595.5,99951200.0,450.885,0.383704
2037-12-31,7762.0,38.2417,2939.47,13082800.0,6988.73,90223200.0,4652.22,87399900.0,0.0,5.50609e-14,3954640.0,40192300000.0,3950530.0,39924600000.0,850.054,7591.69,100187000.0,450.895,0.387196
2038-01-31,7793.0,38.3045,2967.02,13174400.0,6959.83,90439500.0,4622.67,87543600.0,0.0,5.6252699999999994e-14,3985490.0,40315300000.0,3984300.0,40047600000.0,862.1619999999999,7589.69,100422000.0,450.941,0.390928
2038-02-28,7821.0,38.3611,2986.84,13257800.0,6949.19,90634300.0,4606.6,87672800.0,0.0,5.6252699999999994e-14,4019800.0,40427400000.0,4017200.0,40159700000.0,872.617,7593.44,100634000.0,450.976,0.393345
2038-03-31,7852.0,38.4234,3009.0,13350700.0,6936.76,90849600.0,4584.25,87815300.0,-2.82197e-17,6.75789e-14,4056260.0,40552700000.0,4052960.0,40284800000.0,884.825,7593.25,100870000.0,451.00300000000004,0.396273
2038-04-30,7882.0,38.4834,3030.97,13441400.0,6928.19,91057500.0,4560.33,87952400.0,-1.21481e-15,6.312669999999999e-14,4083080.0,40674800000.0,4078870.0,40406800000.0,895.3480000000001,7591.31,101098000.0,451.022,0.399269
2038-05-31,7913.0,38.545,3052.94,13535700.0,6917.17,91272100.0,4534.6,88093300.0,9.872e-16,7.932619999999999e-14,4107220.0,40801800000.0,4103890.0,40533700000.0,905.752,7587.54,101333000.0,451.033,0.402362
2038-06-30,7943.0,38.6044,3071.23,13627700.0,6907.81,91479400.0,4510.29,88228900.0,-1.8009299999999999e-16,8.26381e-14,4126820.0,40925400000.0,4123300.0,40657200000.0,914.98,7581.52,101560000.0,451.038,0.405094
2038-07-31,7974.0,38.6653,3089.23,13723200.0,6886.44,91693100.0,4480.84,88368300.0,0.0,1.00022e-13,4143920.0,41053700000.0,4143600.0,40785400000.0,924.811,7570.06,101795000.0,451.04400000000004,0.408085
2038-08-31,8005.0,38.7258,3108.85,13819300.0,6889.27,91906700.0,4441.65,88506500.0,0.0,1.00022e-13,4145490.0,41182200000.0,4145430.0,40913900000.0,933.323,7550.5,102029000.0,451.01800000000003,0.41174099999999997
2038-09-30,8035.0,38.7839,3127.76,13912800.0,6892.64,92113400.0,4409.47,88639200.0,0.0,1.00022e-13,4146740.0,41306500000.0,4146100.0,41038200000.0,940.418,7537.23,102255000.0,451.00699999999995,0.414975
2038-10-31,8066.0,38.8435,3150.38,14010200.0,6898.01,92327100.0,4377.85,88775400.0,0.0,1.00022e-13,4156770.0,41435200000.0,4155570.0,41166900000.0,949.5010000000001,7528.23,102488000.0,450.999,0.418476
2038-11-30,8096.0,38.9007,3171.44,14105000.0,6902.76,92534100.0,4350.84,88906200.0,0.0,1.00022e-13,4171290.0,41560200000.0,4169010.0,41291700000.0,958.7310000000001,7522.29,102714000.0,450.99199999999996,0.42160600000000004
2038-12-31,8127.0,38.9595,3194.16,14203800.0,6906.01,92748200.0,4323.6,89040600.0,0.0,1.00022e-13,4188750.0,41689800000.0,4185590.0,41421300000.0,968.812,7517.76,102947000.0,450.98400000000004,0.424882
2039-01-31,8158.0,39.018,3219.68,14303200.0,6887.62,92962100.0,4293.95,89174200.0,0.0,1.01803e-13,4213620.0,41820000000.0,4212480.0,41551500000.0,981.2919999999999,7513.63,103180000.0,451.024,0.428512
2039-02-28,8186.0,39.0705,3237.6,14393600.0,6876.17,93154800.0,4277.78,89294200.0,0.0,1.01803e-13,4242520.0,41938400000.0,4239560.0,41669800000.0,991.758,7515.37,103390000.0,451.05199999999996,0.43079700000000004
2039-03-31,8217.0,39.1283,3258.54,14494300.0,6862.64,93367800.0,4254.41,89426400.0,2.71924e-16,1.07767e-13,4272600.0,42070500000.0,4270230.0,41801700000.0,1004.28,7512.95,103623000.0,451.06800000000004,0.43372299999999997
2039-04-30,8247.0,39.1841,2976.91,14590700.0,6855.47,93573500.0,4274.61,89553900.0,3.71116e-16,1.09986e-13,3843590.0,42196300000.0,4287890.0,41930200000.0,899.1669999999999,7251.52,103841000.0,451.13699999999994,0.410522
2039-05-31,8278.0,39.2425,2969.62,14682700.0,6620.87,93774200.0,4310.21,89687200.0,-2.49695e-16,1.1082999999999999e-13,3945710.0,42317500000.0,3937410.0,42050900000.0,915.433,7279.83,104067000.0,451.046,0.40792399999999995
2039-06-30,8308.0,39.299,2975.22,14771900.0,6621.13,93972900.0,4304.08,89816500.0,1.079e-15,1.3731900000000002e-13,4000230.0,42436800000.0,3992610.0,42170000000.0,929.404,7279.3,104285000.0,451.028,0.408723
2039-07-31,8339.0,39.3572,2985.45,14864300.0,6597.97,94177700.0,4282.13,89949600.0,0.0,1.58222e-13,4040580.0,42561600000.0,4039190.0,42294600000.0,943.5930000000001,7267.58,104510000.0,451.024,0.41079099999999996
2039-08-31,8370.0,39.4151,2998.55,14957100.0,6599.94,94382300.0,4247.73,90081700.0,0.0,1.58222e-13,4053480.0,42687100000.0,4052510.0,42420100000.0,954.2710000000001,7246.27,104735000.0,450.994,0.41380500000000003
2039-09-30,8400.0,39.4706,3013.16,15047300.0,6599.5,94580300.0,4216.2,90208600.0,0.0,1.58222e-13,4062430.0,42808800000.0,4061170.0,42541800000.0,963.5269999999999,7229.36,104952000.0,450.98,0.41679399999999994
2039-10-31,8431.0,39.5295,2682.57,15136600.0,6643.52,94777100.0,4533.05,90343200.0,1.46367e-16,1.5858e-13,3271810.0,42924500000.0,3269240.0,42660900000.0,721.768,7215.62,105175000.0,450.93199999999996,0.371773
2039-11-30,8461.0,39.5889,2678.67,15216900.0,6589.39,94974400.0,4521.54,90479000.0,3.74253e-17,1.58794e-13,3318010.0,43023300000.0,3308570.0,42759500000.0,733.823,7200.21,105391000.0,450.87300000000005,0.372027
2039-12-31,8492.0,39.6501,2690.94,15300100.0,6591.76,95178700.0,4498.62,90618800.0,0.0,1.58736e-13,3381620.0,43127300000.0,3372560.0,42863300000.0,751.701,7189.56,105614000.0,450.853,0.374284
2040-01-31,8523.0,39.7108,2716.42,15384000.0,6564.17,95382600.0,4462.66,90757700.0,0.0,1.59051e-13,3455430.0,43233400000.0,3452790.0,42969200000.0,774.299,7179.07,105837000.0,450.879,0.37838
2040-02-29,8552.0,39.7673,2740.25,15463100.0,6558.22,95572900.0,4435.46,90886700.0,0.0,1.59051e-13,3520270.0,43334600000.0,3516340.0,43070200000.0,793.665,7175.71,106045000.0,450.894,0.381878
2040-03-31,8583.0,39.8272,2770.03,15548600.0,6562.06,95776300.0,4401.34,91023600.0,6.57872e-19,1.59053e-13,3581250.0,43444800000.0,3573710.0,43180200000.0,813.672,7171.37,106267000.0,450.907,0.386262
2040-04-30,8613.0,39.8847,2800.53,15632200.0,6551.64,95973100.0,4366.04,91155000.0,1.92785e-18,1.59068e-13,3636990.0,43553100000.0,3619710.0,43288200000.0,833.0189999999999,7166.57,106482000.0,450.91900000000004,0.390777
2040-05-31,8644.0,39.9436,2834.77,15719700.0,6558.9,96176400.0,4326.53,91289600.0,8.8974e-17,1.5938800000000002e-13,3681010.0,43666600000.0,3670960.0,43401400000.0,850.799,7161.3,106704000.0,450.936,0.39584600000000003
2040-06-30,8674.0,40.0001,2865.88,15805300.0,6534.88,96372900.0,4288.51,91418700.0,1.6002399999999998e-16,1.60742e-13,3733320.0,43778000000.0,3725090.0,43512500000.0,870.541,7154.39,106919000.0,450.94699999999995,0.400577
2040-07-31,8705.0,40.058,2894.37,15894600.0,6515.07,96575100.0,4248.39,91551000.0,0.0,1.6400799999999998e-13,3781390.0,43894600000.0,3778900.0,43629000000.0,890.077,7142.76,107140000.0,450.965,0.405217
2040-08-31,8736.0,40.1153,2917.63,15984700.0,6507.88,96777000.0,4204.99,91682000.0,0.0,1.6400799999999998e-13,3813620.0,44012300000.0,3810930.0,43746600000.0,906.928,7122.62,107361000.0,450.964,0.409629
2040-09-30,8766.0,40.1702,2939.82,16072600.0,6507.38,96972200.0,4167.84,91807500.0,0.0,1.6400799999999998e-13,3846740.0,44127300000.0,3843330.0,43861400000.0,922.9580000000001,7107.66,107574000.0,450.965,0.413613
2040-10-31,8797.0,40.2259,2952.72,16164100.0,6388.82,97172400.0,4004.73,91934900.0,0.0,1.6400799999999998e-13,3788160.0,44246200000.0,3782180.0,43980600000.0,945.92,6957.45,107790000.0,450.963,0.424397
2040-11-30,8827.0,40.2784,2979.18,16253100.0,6403.27,97364400.0,3993.35,92054900.0,0.0,1.6400799999999998e-13,3834050.0,44360600000.0,3829140.0,44094800000.0,960.1110000000001,6972.53,107999000.0,450.95599999999996,0.427274
2040-12-31,8858.0,40.3324,3006.1,16345900.0,6401.04,97562900.0,3961.22,92178200.0,0.0,1.6400799999999998e-13,3875040.0,44480200000.0,3870770.0,44214200000.0,978.2439999999999,6967.32,108215000.0,450.952,0.431458
2041-01-31,8889.0,40.3859,3035.09,16439600.0,6383.42,97761200.0,3927.69,92300400.0,0.0,1.64302e-13,3915450.0,44601000000.0,3913500.0,44334800000.0,996.8839999999999,6962.78,108431000.0,450.991,0.43590200000000007
2041-02-28,8917.0,40.4338,3055.92,16524900.0,6365.08,97939800.0,3899.93,92410000.0,0.0,1.64302e-13,3946830.0,44711100000.0,3945560.0,44444900000.0,1012.03,6955.84,108626000.0,451.00800000000004,0.439331
2041-03-31,8948.0,40.4865,3075.97,16619900.0,6349.88,98136900.0,3865.54,92530400.0,0.0,1.64302e-13,3969650.0,44833800000.0,3967660.0,44567600000.0,1026.93,6941.5,108841000.0,451.017,0.44312700000000005
2041-04-30,8978.0,40.5329,1855.34,16703700.0,129.51,98305100.0,2532.37,92636400.0,2.1376099999999998e-14,2.4013499999999997e-13,2697170.0,44944000000.0,2685110.0,44682300000.0,1065.07,4387.71,108973000.0,451.069,0.422849
2041-05-31,9009.0,40.5676,1911.16,16762500.0,4040.71,98429700.0,2573.28,92715800.0,4.27831e-16,2.27887e-13,2740580.0,45028500000.0,2736250.0,44766600000.0,1065.02,4484.43,109112000.0,450.92800000000005,0.426176
2041-06-30,9039.0,40.6015,1925.3,16820100.0,4057.7,98551300.0,2584.16,92793300.0,3.04629e-16,2.35356e-13,2751410.0,45111000000.0,2750510.0,44848900000.0,1064.72,4509.45,109247000.0,450.855,0.426947
2041-07-31,9070.0,40.6366,1930.71,16879900.0,4077.66,98677400.0,2584.22,92873400.0,0.0,2.3364e-13,2759280.0,45196400000.0,2758950.0,44934300000.0,1067.74,4514.94,109387000.0,450.809,0.42762799999999995
2041-08-31,9101.0,40.6715,1930.59,16939800.0,4091.95,98804100.0,2572.19,92953300.0,0.0,2.3364e-13,2765790.0,45282100000.0,2764500.0,45020000000.0,1075.27,4502.79,109527000.0,450.772,0.428755
2041-09-30,9131.0,40.7052,1931.27,16997700.0,4100.6,98927000.0,2558.45,93030300.0,0.0,2.3364e-13,2779480.0,45365200000.0,2777460.0,45103100000.0,1086.39,4489.73,109661000.0,450.749,0.430154
2041-10-31,9162.0,40.7415,2483.54,17064300.0,4942.49,99065700.0,2857.94,93113100.0,0.0,2.3364e-13,3282710.0,45457200000.0,3277840.0,45192900000.0,1148.63,5341.48,109827000.0,450.736,0.46495299999999995
2041-11-30,9192.0,40.7787,2449.26,17138100.0,4887.21,99212900.0,2826.28,93198300.0,0.0,2.3364e-13,3324530.0,45556300000.0,3319100.0,45291900000.0,1176.29,5275.54,109985000.0,450.782,0.464267
2041-12-31,9223.0,40.8169,2450.05,17214000.0,4862.37,99363800.0,2803.5,93285500.0,0.0,2.3364e-13,3351960.0,45659800000.0,3349050.0,45395300000.0,1195.63,5253.55,110148000.0,450.79,0.46636099999999997
2042-01-31,9254.0,40.8548,2457.31,17290100.0,4839.26,99514200.0,2788.11,93372100.0,0.0,2.32693e-13,3374180.0,45764100000.0,3373370.0,45499500000.0,1210.2,5245.42,110311000.0,450.833,0.46846800000000005
2042-02-28,9282.0,40.8889,2464.81,17359000.0,4832.38,99649600.0,2783.68,93450100.0,0.0,2.32693e-13,3391910.0,45858800000.0,3390760.0,45594200000.0,1218.5,5248.48,110457000.0,450.84,0.46962299999999996
2042-03-31,9313.0,40.9266,2475.03,17435600.0,4833.87,99799500.0,2778.73,93536300.0,9.020900000000001e-20,2.3267800000000003e-13,3404090.0,45964200000.0,3403030.0,45699600000.0,1225.05,5253.77,110620000.0,450.838,0.47109700000000004
2042-04-30,9343.0,40.9622,1935.61,17506600.0,4834.52,99944500.0,2469.59,93617700.0,2.05465e-17,2.32375e-13,2915100.0,46063400000.0,3408390.0,45801800000.0,1180.4,4405.2,110753000.0,450.935,0.439392
2042-05-31,9374.0,40.9958,1979.18,17567600.0,4065.16,100059000.0,2476.29,93694500.0,-2.2701899999999997e-16,2.3308800000000003e-13,2903790.0,46153300000.0,2901880.0,45891800000.0,1172.64,4455.47,110891000.0,450.764,0.44421400000000005
2042-06-30,9404.0,41.0283,1995.06,17627300.0,4082.97,100182000.0,2469.69,93768600.0,-1.92435e-16,2.3148400000000003e-13,2906940.0,46240500000.0,2905220.0,45978900000.0,1177.05,4464.76,111025000.0,450.74,0.44684700000000005
2042-07-31,9435.0,41.0617,2001.65,17689300.0,4082.37,100308000.0,2459.05,93845000.0,9.98525e-16,2.37995e-13,2913960.0,46330700000.0,2913790.0,46069100000.0,1185.0,4460.7,111163000.0,450.733,0.44873
2042-08-31,9466.0,41.0949,2003.17,17751400.0,4081.73,100435000.0,2441.46,93921000.0,0.0,2.37995e-13,2916410.0,46421100000.0,2916010.0,46159500000.0,1194.54,4444.62,111301000.0,450.722,0.450694
2042-09-30,9496.0,41.1268,2006.4,17811600.0,4081.34,100557000.0,2425.82,93993900.0,0.0,2.37995e-13,2922280.0,46508700000.0,2921060.0,46247000000.0,1204.66,4432.22,111434000.0,450.717,0.452686
2042-10-31,9527.0,41.1596,2011.4,17873800.0,4079.78,100684000.0,2411.73,94068900.0,0.0,2.37995e-13,2933400.0,46599400000.0,2932110.0,46337800000.0,1216.31,4423.13,111571000.0,450.713,0.454746
2042-11-30,9557.0,41.1912,2017.54,17934300.0,4080.93,100806000.0,2399.79,94141000.0,0.0,2.37995e-13,2944280.0,46687600000.0,2942230.0,46425900000.0,1226.89,4417.33,111703000.0,450.71,0.45673400000000003
2042-12-31,9588.0,41.2237,2024.8,17996900.0,4082.16,100933000.0,2387.77,94215200.0,-3.31088e-17,2.37881e-13,2958840.0,46779100000.0,2956760.0,46517300000.0,1239.17,4412.57,111840000.0,450.707,0.45887100000000003
2043-01-31,9619.0,41.256,2034.97,18059900.0,4067.85,101059000.0,2377.04,94289000.0,0.0,2.38463e-13,2973530.0,46871100000.0,2972770.0,46609300000.0,1250.94,4412.02,111977000.0,450.756,0.46123400000000003
2043-02-28,9647.0,41.2851,2046.19,18117000.0,4062.53,101173000.0,2373.19,94355500.0,0.0,2.38463e-13,2987970.0,46954600000.0,2987370.0,46692700000.0,1259.05,4419.38,112101000.0,450.764,0.463005
2043-03-31,9678.0,41.3172,2057.77,18180700.0,4064.15,101299000.0,2368.06,94429000.0,6.79193e-17,2.3885399999999997e-13,2998860.0,47047400000.0,2998100.0,46785500000.0,1266.38,4425.82,112238000.0,450.76300000000003,0.464946
2043-04-30,9708.0,41.3482,2069.87,18242600.0,4063.06,101421000.0,2360.9,94499900.0,-4.11084e-17,2.38098e-13,3002100.0,47137500000.0,3002020.0,46875500000.0,1271.59,4430.77,112371000.0,450.76,0.467159
2043-05-31,9739.0,41.3802,2082.69,18307000.0,4064.88,101547000.0,2352.84,94573000.0,-7.91468e-18,2.39477e-13,3001290.0,47230500000.0,3001770.0,46968600000.0,1275.6,4435.52,112508000.0,450.75699999999995,0.46954700000000005
2043-06-30,9769.0,41.411,2094.99,18369700.0,4068.87,101669000.0,2344.88,94643400.0,-4.62412e-17,2.39623e-13,2999100.0,47320500000.0,2999350.0,47058600000.0,1279.0,4439.87,112641000.0,450.754,0.47185900000000003
2043-07-31,9800.0,41.4428,2106.14,18434800.0,4074.27,101795000.0,2335.25,94716000.0,5.0150299999999994e-17,2.36169e-13,2997240.0,47413500000.0,2997470.0,47151600000.0,1283.48,4441.4,112779000.0,450.75199999999995,0.474208
2043-08-31,9831.0,41.4743,2111.84,18500200.0,4075.77,101921000.0,2320.05,94788100.0,0.0,2.36169e-13,2991420.0,47506300000.0,2991760.0,47244400000.0,1289.38,4431.88,112916000.0,450.73699999999997,0.47651000000000004
2043-09-30,9861.0,41.5047,2116.78,18563700.0,4079.85,102044000.0,2307.83,94857500.0,0.0,2.36169e-13,2990450.0,47596000000.0,2990100.0,47334100000.0,1295.78,4424.61,113049000.0,450.72900000000004,0.47841000000000006
2043-10-31,9892.0,41.5359,2121.36,18629400.0,4083.86,102170000.0,2297.18,94928800.0,0.0,2.36169e-13,2996630.0,47688800000.0,2995780.0,47426900000.0,1304.48,4418.53,113186000.0,450.723,0.480104
2043-11-30,9922.0,41.566,2125.38,18693100.0,4087.44,102293000.0,2288.64,94997600.0,0.0,2.36169e-13,3004500.0,47778800000.0,3002980.0,47516800000.0,1312.79,4414.01,113319000.0,450.717,0.48150600000000005
2043-12-31,9953.0,41.597,2130.24,18759100.0,4088.14,102420000.0,2280.02,95068400.0,-1.82281e-17,2.36004e-13,3015440.0,47872100000.0,3014350.0,47610100000.0,1322.55,4410.25,113455000.0,450.712,0.483019
2044-01-31,9984.0,41.6278,2137.1,18825200.0,4076.64,102546000.0,2272.73,95138900.0,0.0,2.3631199999999997e-13,3026470.0,47965800000.0,3025900.0,47703700000.0,1331.64,4409.83,113592000.0,450.76199999999994,0.48462200000000005
2044-02-29,10010.0,41.6567,2146.12,18887300.0,4072.06,102664000.0,2271.37,95204800.0,0.0,2.3631199999999997e-13,3038970.0,48053700000.0,3038280.0,47791600000.0,1337.95,4417.49,113720000.0,450.77099999999996,0.485824
2044-03-31,10040.0,41.6875,2155.41,18954000.0,4071.65,102791000.0,2268.27,95275200.0,-3.29538e-18,2.36159e-13,3047500.0,48148100000.0,3047000.0,47886000000.0,1343.54,4423.68,113857000.0,450.77,0.48724399999999995
2044-04-30,10070.0,41.7172,2165.53,19018800.0,4070.24,102913000.0,2262.69,95343100.0,3.14276e-17,2.3657199999999996e-13,3049480.0,48239600000.0,3049650.0,47977500000.0,1347.72,4428.23,113990000.0,450.76800000000003,0.489029
2044-05-31,10110.0,41.7478,2177.04,19086200.0,4072.38,103039000.0,2255.62,95413200.0,-1.20021e-16,2.36529e-13,3047820.0,48334100000.0,3048180.0,48072000000.0,1351.21,4432.66,114128000.0,450.76599999999996,0.491137
2044-06-30,10140.0,41.7774,2187.26,19151700.0,4075.07,103161000.0,2248.33,95480700.0,2.4806499999999997e-16,2.3755700000000003e-13,3046800.0,48425500000.0,3046980.0,48163400000.0,1355.14,4435.59,114261000.0,450.76199999999994,0.493116
2044-07-31,10170.0,41.8078,2196.33,19219600.0,4077.76,103288000.0,2238.96,95550300.0,0.0,2.3868400000000004e-13,3043490.0,48520000000.0,3044250.0,48257900000.0,1359.33,4435.29,114398000.0,450.75699999999995,0.49519399999999997
2044-08-31,10200.0,41.8381,2200.13,19287800.0,4079.47,103414000.0,2224.41,95619400.0,0.0,2.3868400000000004e-13,3037780.0,48614200000.0,3038400.0,48352100000.0,1365.66,4424.54,114535000.0,450.741,0.49725600000000003
2044-09-30,10230.0,41.8672,2203.84,19353900.0,4085.18,103537000.0,2213.3,95686000.0,0.0,2.3868400000000004e-13,3037600.0,48705300000.0,3037260.0,48443200000.0,1372.43,4417.14,114668000.0,450.73199999999997,0.49893000000000004
2044-10-31,10260.0,41.8967,2018.24,19420800.0,3808.17,103659000.0,2077.97,95753500.0,-6.613630000000001e-18,2.38587e-13,2826400.0,48797900000.0,2825140.0,48535800000.0,1360.17,4096.22,114795000.0,450.69800000000004,0.49271000000000004
2044-11-30,10290.0,41.924,2018.91,19481400.0,3808.17,103773000.0,2074.77,95815800.0,5.1337e-17,2.38765e-13,2838230.0,48882900000.0,2836560.0,48620800000.0,1367.97,4093.68,114918000.0,450.673,0.49317799999999995
2044-12-31,10320.0,41.9521,2020.67,19544000.0,3812.9,103891000.0,2071.72,95880000.0,3.6646e-17,2.3856999999999996e-13,2848800.0,48971100000.0,2847120.0,48708900000.0,1375.08,4092.4,115044000.0,450.66,0.493762
2045-01-31,10350.0,41.9802,2023.83,19606700.0,3804.69,104009000.0,2068.68,95944200.0,1.54326e-17,2.35695e-13,2861400.0,49059600000.0,2861000.0,48797300000.0,1383.2,4092.51,115171000.0,450.70099999999996,0.49451999999999996
2045-02-28,10380.0,42.0055,2030.63,19663500.0,3803.01,104116000.0,2071.46,96002100.0,2.16417e-19,2.3565e-13,2871470.0,49139900000.0,2871050.0,48877600000.0,1386.2,4102.09,115286000.0,450.711,0.495022
2045-03-31,10410.0,42.0336,2037.75,19726500.0,3804.88,104234000.0,2073.09,96066400.0,3.3203699999999995e-17,2.3610700000000003e-13,2879250.0,49229000000.0,2878610.0,48966700000.0,1388.87,4110.84,115414000.0,450.714,0.49570200000000003
2045-04-30,10440.0,42.0609,2045.04,19787800.0,3803.91,104348000.0,2072.04,96128600.0,-1.9605099999999997e-16,2.36261e-13,2881300.0,49315500000.0,2881350.0,49053100000.0,1390.56,4117.08,115537000.0,450.714,0.496721
2045-05-31,10470.0,42.0889,2053.46,19851400.0,3805.85,104466000.0,2069.46,96192800.0,1.35092e-16,2.3734000000000003e-13,2880640.0,49404800000.0,2880960.0,49142500000.0,1391.98,4122.92,115665000.0,450.715,0.498061
2045-06-30,10500.0,42.1161,2061.31,19913100.0,3808.27,104580000.0,2066.13,96254800.0,-2.1282999999999997e-16,2.37087e-13,2879170.0,49491200000.0,2879360.0,49228900000.0,1393.51,4127.44,115789000.0,450.714,0.49941599999999997
2045-07-31,10530.0,42.1441,2068.22,19977100.0,3813.67,104698000.0,2060.97,96318800.0,0.0,2.35054e-13,2877390.0,49580400000.0,2877510.0,49318100000.0,1396.13,4129.19,115917000.0,450.709,0.5008779999999999
2045-08-31,10560.0,42.1719,2067.78,20041200.0,3812.68,104816000.0,2049.81,96382500.0,0.0,2.35054e-13,2875800.0,49669600000.0,2875800.0,49407300000.0,1402.96,4117.58,116044000.0,450.695,0.502182
2045-09-30,10590.0,42.1988,2067.67,20103300.0,3814.42,104931000.0,2041.69,96443800.0,0.0,2.35054e-13,2877260.0,49755800000.0,2876670.0,49493500000.0,1409.26,4109.35,116168000.0,450.68800000000005,0.503161
2045-10-31,10620.0,42.2264,2067.43,20167400.0,3816.82,105049000.0,2035.82,96507000.0,0.0,2.35054e-13,2884080.0,49845100000.0,2882740.0,49582800000.0,1416.67,4103.24,116295000.0,450.68300000000005,0.5038520000000001
2045-11-30,10650.0,42.2531,2066.85,20229400.0,3817.48,105164000.0,2031.12,96568000.0,4.7501599999999997e-17,2.35235e-13,2894750.0,49931800000.0,2893090.0,49669500000.0,1425.2,4097.98,116418000.0,450.68,0.50436
2045-12-31,10680.0,42.2806,2067.6,20293500.0,3816.55,105282000.0,2026.64,96630900.0,-4.8247e-18,2.35186e-13,2905120.0,50021800000.0,2903540.0,49759300000.0,1433.46,4094.24,116545000.0,450.67699999999996,0.5050020000000001
2046-01-31,10720.0,42.3081,2070.18,20357600.0,3801.62,105400000.0,2022.92,96693600.0,-1.14731e-17,2.37309e-13,2916990.0,50112000000.0,2916590.0,49849500000.0,1441.97,4093.1,116672000.0,450.728,0.5057729999999999
2046-02-28,10740.0,42.3329,2076.57,20415600.0,3797.04,105507000.0,2025.17,96750300.0,-1.63054e-19,2.37288e-13,2926890.0,50193800000.0,2926470.0,49931300000.0,1445.26,4101.74,116786000.0,450.741,0.506265
2046-03-31,10770.0,42.3604,2083.32,20480100.0,3799.92,105624000.0,2026.19,96813100.0,-3.9099e-18,2.37353e-13,2934370.0,50284700000.0,2933520.0,50022200000.0,1448.22,4109.51,116914000.0,450.74300000000005,0.5069520000000001
2046-04-30,10800.0,42.387,2091.08,20542800.0,3796.69,105738000.0,2024.52,96873900.0,5.3939099999999997e-17,2.37809e-13,2934940.0,50372800000.0,2935130.0,50110200000.0,1449.7,4115.6,117037000.0,450.744,0.5080859999999999
2046-05-31,10840.0,42.4144,2099.83,20607800.0,3799.55,105856000.0,2021.22,96936600.0,2.6246000000000003e-16,2.40027e-13,2933960.0,50463700000.0,2934050.0,50201200000.0,1451.58,4121.05,117165000.0,450.74300000000005,0.509537
2046-06-30,10870.0,42.4409,2108.45,20670900.0,3801.28,105970000.0,2017.29,96997100.0,-1.74256e-16,2.39081e-13,2931180.0,50551700000.0,2931660.0,50289200000.0,1453.03,4125.74,117289000.0,450.741,0.511047
2046-07-31,10900.0,42.4682,2116.31,20736400.0,3808.13,106088000.0,2012.46,97059600.0,-1.1719000000000002e-15,2.39366e-13,2928770.0,50642600000.0,2928880.0,50380000000.0,1455.32,4128.76,117417000.0,450.73800000000006,0.5125770000000001
2046-08-31,10930.0,42.4954,2115.12,20802000.0,3808.37,106206000.0,2001.42,97121800.0,0.0,2.4049699999999997e-13,2926800.0,50733300000.0,2926850.0,50470800000.0,1462.36,4116.54,117544000.0,450.717,0.51381
2046-09-30,10960.0,42.5216,2114.14,20865400.0,3809.8,106320000.0,1993.11,97181700.0,0.0,2.4049699999999997e-13,2926980.0,50821100000.0,2926650.0,50558600000.0,1468.55,4107.25,117668000.0,450.707,0.514733
